<?xml version="1.0" encoding="UTF-8"?>

<mule xmlns:jms="http://www.mulesoft.org/schema/mule/jms" xmlns:vm="http://www.mulesoft.org/schema/mule/vm" xmlns:json="http://www.mulesoft.org/schema/mule/json" xmlns:mulexml="http://www.mulesoft.org/schema/mule/xml" xmlns:cxf="http://www.mulesoft.org/schema/mule/cxf" xmlns:metadata="http://www.mulesoft.org/schema/mule/metadata" xmlns:ws="http://www.mulesoft.org/schema/mule/ws" xmlns:http="http://www.mulesoft.org/schema/mule/http" xmlns="http://www.mulesoft.org/schema/mule/core" xmlns:doc="http://www.mulesoft.org/schema/mule/documentation"
	xmlns:spring="http://www.springframework.org/schema/beans" 
	xmlns:xsi="http://www.w3.org/2001/XMLSchema-instance"
	xsi:schemaLocation="http://www.springframework.org/schema/beans http://www.springframework.org/schema/beans/spring-beans-current.xsd
http://www.mulesoft.org/schema/mule/core http://www.mulesoft.org/schema/mule/core/current/mule.xsd
http://www.mulesoft.org/schema/mule/http http://www.mulesoft.org/schema/mule/http/current/mule-http.xsd
http://www.mulesoft.org/schema/mule/ws http://www.mulesoft.org/schema/mule/ws/current/mule-ws.xsd
http://www.mulesoft.org/schema/mule/cxf http://www.mulesoft.org/schema/mule/cxf/current/mule-cxf.xsd
http://www.mulesoft.org/schema/mule/json http://www.mulesoft.org/schema/mule/json/current/mule-json.xsd
http://www.mulesoft.org/schema/mule/xml http://www.mulesoft.org/schema/mule/xml/current/mule-xml.xsd
http://www.mulesoft.org/schema/mule/vm http://www.mulesoft.org/schema/mule/vm/current/mule-vm.xsd
http://www.mulesoft.org/schema/mule/jms http://www.mulesoft.org/schema/mule/jms/current/mule-jms.xsd">
    <ws:consumer-config name="WSCPayment" wsdlLocation="http://localhost:7001/Payment/ValidateCreditCard?WSDL" service="ValidateCreditCard" port="ValidateCreditCard" serviceAddress="http://localhost:7001/Payment/ValidateCreditCard" doc:name="Web Service Consumer"/>
    <cxf:configuration name="CXF_Configuration" enableMuleSoapHeaders="true" initializeStaticBusInstance="true" doc:name="CXF Configuration"/>
    <http:request-config name="HTTP_Request_Configuration" host="All Interfaces [0.0.0.0] (Default)" port="9090" basePath="/base" doc:name="HTTP Request Configuration"/>
    <flow name="esbPaymentFlow">
        <http:listener config-ref="HTTP_Listener_Configuration" path="/payment" allowedMethods="POST" doc:name="HTTP"/>
        <logger message="Llego el mensaje:  #[message.payloadAs(java.lang.String)]" level="INFO" doc:name="Logger"/>
        <json:xml-to-json-transformer returnClass="java.lang.String" mimeType="application/json" doc:name="XML to JSON"/>
        <logger message="#[message.payloadAs(java.lang.String)]" level="INFO" doc:name="Logger"/>
        <jms:outbound-endpoint queue="pay.mq" connector-ref="Active_MQ" doc:name="JMS" exchange-pattern="request-response"/>
        <logger message="Regreso del sub y se obtiene: #[message.payloadAs(java.lang.String)]" level="INFO" doc:name="Logger"/>
    </flow>
</mule>
