<?xml version="1.0" encoding="UTF-8"?>

<mule xmlns:ws="http://www.mulesoft.org/schema/mule/ws" xmlns:http="http://www.mulesoft.org/schema/mule/http" xmlns:jms="http://www.mulesoft.org/schema/mule/jms" xmlns="http://www.mulesoft.org/schema/mule/core" xmlns:doc="http://www.mulesoft.org/schema/mule/documentation"
	xmlns:spring="http://www.springframework.org/schema/beans" 
	xmlns:xsi="http://www.w3.org/2001/XMLSchema-instance"
	xsi:schemaLocation="http://www.springframework.org/schema/beans http://www.springframework.org/schema/beans/spring-beans-current.xsd
http://www.mulesoft.org/schema/mule/core http://www.mulesoft.org/schema/mule/core/current/mule.xsd
http://www.mulesoft.org/schema/mule/jms http://www.mulesoft.org/schema/mule/jms/current/mule-jms.xsd
http://www.mulesoft.org/schema/mule/ws http://www.mulesoft.org/schema/mule/ws/current/mule-ws.xsd
http://www.mulesoft.org/schema/mule/http http://www.mulesoft.org/schema/mule/http/current/mule-http.xsd">
    <jms:activemq-connector name="Active_MQ" username="admin" password="admin" brokerURL="tcp://localhost:61616" validateConnections="true" doc:name="Active MQ"/>
    <http:listener-config name="HTTP_Listener_Back" host="0.0.0.0" port="9091" basePath="back/soap" doc:name="HTTP Listener Configuration"/>
    <flow name="paymentFlow">
        <http:listener config-ref="HTTP_Listener_Back" path="/payment" doc:name="HTTP"/>
        <logger message="Mensaje que llego a PaymentFlow:  #[payload]" level="INFO" doc:name="Logger"/>
        <parse-template location="paymentRq" doc:name="PaymentCreditCardRq"/>
        <logger message="**Vamos invocar con #[message.payloadAs(java.lang.String)]" level="INFO" doc:name="Logger"/>
        <ws:consumer config-ref="WSCPayment" operation="Payment" doc:name="WSCPayment"/>
        <catch-exception-strategy doc:name="Catch Exception Strategy">
            <logger message="Error Obtenido: #[exception.cause]" level="INFO" doc:name="Logger"/>
        </catch-exception-strategy>
    </flow>
</mule>
