<?xml version="1.0" encoding="UTF-8"?>

<mule xmlns:db="http://www.mulesoft.org/schema/mule/db" xmlns:json="http://www.mulesoft.org/schema/mule/json" xmlns:http="http://www.mulesoft.org/schema/mule/http" xmlns="http://www.mulesoft.org/schema/mule/core" xmlns:doc="http://www.mulesoft.org/schema/mule/documentation"
	xmlns:spring="http://www.springframework.org/schema/beans" 
	xmlns:xsi="http://www.w3.org/2001/XMLSchema-instance"
	xsi:schemaLocation="http://www.springframework.org/schema/beans http://www.springframework.org/schema/beans/spring-beans-current.xsd
http://www.mulesoft.org/schema/mule/core http://www.mulesoft.org/schema/mule/core/current/mule.xsd
http://www.mulesoft.org/schema/mule/http http://www.mulesoft.org/schema/mule/http/current/mule-http.xsd
http://www.mulesoft.org/schema/mule/db http://www.mulesoft.org/schema/mule/db/current/mule-db.xsd
http://www.mulesoft.org/schema/mule/json http://www.mulesoft.org/schema/mule/json/current/mule-json.xsd">
    <db:mysql-config name="MySQL_Configuration" host="localhost" port="3306" user="kallsonys" password="kallsonys" database="kallsonys_backend" doc:name="MySQL Configuration" />
    <flow name="shipmentdeprisacheckFlow">
        <http:listener config-ref="HTTP_Listener_Configuration_back" path="/shipment/deprisa/checkshipment" allowedMethods="POST" doc:name="HTTP"/>
        <logger message="#[message.payloadAs(java.lang.String)]" level="INFO" doc:name="Logger"/>
        <set-variable variableName="orderId" value="#[json:orderId]" doc:name="Variable"/>
        <db:select config-ref="MySQL_Configuration" doc:name="Database">
            <db:parameterized-query><![CDATA[SELECT orderid, status FROM kallsonys_backend.deprisa_shipment where orderid = #[json:orderId]]]></db:parameterized-query>
        </db:select>
        <set-payload value="{&quot;send&quot;:#[message.payload[0].status==1]}" doc:name="Set Payload"/>
        <json:object-to-json-transformer doc:name="Object to JSON"/>
        <catch-exception-strategy doc:name="Catch Exception Strategy">
            <set-payload value="{&quot;errorCode&quot;:&quot;400&quot;, &quot;errorMessage&quot;:&quot;La orden #[flowVars.orderId] no existe en Deprisa&quot;}" doc:name="Set Payload"/>
            <json:object-to-json-transformer doc:name="Object to JSON"/>
        </catch-exception-strategy>
    </flow>
</mule>
